GiniIncomeClass,GiniSendClass,GiniIncomeValue,GiniSendValue,totNumTransaction,inNumTransaction,outNumTransaction,paying,paid,numberAddressesPaidAfterTheyPaid,lifeAddress,activityDay,frequentUse,moreTransaction,inPerCent,mediaIncomeV,mediaSendV,devStandardIncomeV,devStandardSendV,varianzaSendV,varianzaIncomeV,totalSendBTC,totalIncomeBTC,totalSendUSD,totalIncomeUSD,maxNumTransRec,maxDiffDay,minResponsiveness,avgResponsiveness,maxResponsiveness,rangoCluster,type
99.877205 99.97031 64.09678 84.99611 5320 1073 4247 1034 488 2 203 202 false true 20.169172 4.4750984E7 1.1306281E7 8.742445036981402E7 1.1092781815971176E8 1.23049911E16 1.34235305E16 48017774518 48017774518 149118.4737266041 155352.17079950697 23 7835620352 0 6478 86102 2 P 
99.787735 99.849365 78.94662 88.865814 1317 491 826 489 233 0 127 127 false true 37.2817 3.6403976E7 2.1639284E7 9.946339049148399E7 1.0808208535828453E8 1.1681743E16 1.18997277E16 17874055035 17874351332 64506.14651161354 64766.55205794603 24 2739391541 0 11254 216945 1 P 
99.31728 98.741516 73.90888 78.28204 22823 10519 12304 1540 8764 2433 493 493 true true 46.08947 8.9737192E7 7.6716112E7 1.8530346963656452E8 1.935145734709528E8 3.7446673E16 3.7617901E16 943918981764 943933290310 4667985.962244475 4658008.170178024 1177 7641835994 0 2518 3876626 232 P 
98.87054 99.9999 80.80003 82.15426 24706 6901 17805 6833 1453 35 370 344 true true 27.932486 4.481718E7 1.7370626E7 2.3626139745692903E8 1.9070087882799226E8 3.6367219E16 3.7119495E16 309283824365 309283834365 1873933.1062882396 1896145.3484871257 341 6519233691 0 904 1078808 1 P 
97.9166 99.42856 73.92145 78.92012 246 48 198 47 64 3 31 30 false true 19.512196 2.7211216E7 6596658.5 5.221381037748792E7 1.9799678123765446E7 3.92027166E14 8.169874E14 1306138495 1306138495 7752.2909129572545 7834.52551680337 10 142583814 0 8048 56623 1 P 
97.85876 99.42762 70.33042 72.223625 1629 1443 186 301 287 271 246 71 true true 88.581955 3.0905856E7 2.397676E8 6.313661483821551E7 4.1192547026148677E8 1.69682613E17 2.13305823E17 44596777613 44597177613 263458.4128160018 265999.54930753144 423 409853628 0 7273 1026370 1 P 
